Website,Total_Packets,Duration,Avg_Packet_Len,Max_Packet_Len
finance-yahoo,13349,43.1898039,937.0937897969885,46138
finance-yahoo,13716,44.5110159,812.5987168270633,46138
finance-yahoo,2625,52.1931877,1049.4129523809524,43578
finance-yahoo,13784,35.1238227,912.3506239117818,46138
finance-yahoo,12969,31.4299215,950.2217595805382,46138
finance-yahoo,13866,35.481914,808.4172796769076,46138
finance-yahoo,11373,26.6209427,905.952431196694,46138
finance-yahoo,11806,34.2553358,914.8039979671354,46138
finance-yahoo,13732,38.452093,776.5355374308185,46138
finance-yahoo,10918,36.5644596,946.5609085913171,45238
google,1345,22.1211884,777.6646840148699,2882
google,1250,40.7973048,823.8792,1466
google,6004,38.6401129,991.6863757495004,17238
google,1863,58.8439032,864.5727321524423,4350
google,2571,58.4486772,888.5126409957215,11350
google,1198,39.1152132,863.6352253756261,1466
google,1242,33.7094193,848.1634460547504,4294
google,1444,43.7414767,812.4349030470914,2918
google,1456,47.8876221,816.3406593406594,5706
google,1452,78.0001414,799.431129476584,2878
wikipedia,602,52.0816616,662.9916943521595,36774
wikipedia,592,59.2255922,751.3699324324324,29974
wikipedia,639,61.6570987,682.5273865414711,19094
wikipedia,583,52.2559665,748.0463121783877,16374
wikipedia,386,46.1548706,856.2150259067357,19094
wikipedia,659,54.4373079,795.6054628224583,19094
wikipedia,415,51.7030018,806.9783132530121,24534
wikipedia,381,52.6480125,858.2650918635171,24534
wikipedia,498,55.8106645,861.5803212851406,38134
wikipedia,327,45.4633386,1041.880733944954,32694
linkedin,2097,61.3995812,878.7105388650454,46138
linkedin,2183,73.0289449,740.9418231791113,46138
linkedin,1763,42.288955,810.1695972773681,40378
linkedin,1434,26.6334562,938.4693165969317,38938
linkedin,2060,61.2708487,773.5529126213593,46138
linkedin,1715,36.0236519,956.867638483965,46138
linkedin,2404,48.091853,786.6697171381031,41818
linkedin,1715,44.3305056,846.7865889212828,46138
linkedin,1613,33.514556,875.5542467451953,38938
linkedin,1711,46.1230939,855.1864406779661,40378
facebook,3951,35.2589197,678.2682865097444,2882
facebook,3753,47.3785481,670.3426592059685,4294
facebook,3792,48.84263,676.9369725738396,4294
facebook,4455,68.2018099,644.6410774410774,7118
facebook,4135,62.6715136,661.5376058041112,4294
facebook,5570,44.301825,655.9314183123878,40150
facebook,3901,35.8902839,684.5939502691617,8214
facebook,3677,37.5968762,681.5523524612456,4294
facebook,3761,32.3103075,671.7904812549854,4290
facebook,3649,28.6724532,691.2693888736641,4290
Youtube,4000,28.9270029,1064.483,21234
Youtube,4739,68.5685422,888.4741506646972,5706
Youtube,4152,39.5955888,996.0982658959538,17002
Youtube,4673,88.8092237,896.1076396319281,5706
Youtube,4118,39.5563054,956.8863525983487,4294
Youtube,4511,76.6315015,909.6532919530038,5706
Youtube,4256,84.4966067,982.750704887218,19826
Youtube,4974,104.0119062,862.3652995577,28298
Youtube,6331,57.5545119,998.922918970147,9574
Youtube,4585,82.300814,909.4154852780807,4294
bbc,6342,35.5476306,835.9500157678966,46138
bbc,6000,24.6266796,878.0355,46138
bbc,6286,33.7640814,846.8404390709513,46138
bbc,5988,25.6007358,870.9729458917835,46138
bbc,6266,37.9476592,847.9567507181615,46138
bbc,6571,36.2113283,835.5913863947649,38934
bbc,6116,30.9675211,859.9877370830608,46138
bbc,6022,37.1321206,903.0509797409499,46134
bbc,5245,42.0497565,933.2888465204957,46138
bbc,6133,40.4723948,859.3984999184738,46138
coursera,6139,34.4593752,788.0565238638214,21658
coursera,6043,27.1594342,791.5215952341553,25978
coursera,2982,28.0097607,695.2045606975184,13018
coursera,6229,35.2227684,807.7074971905603,27418
coursera,4775,40.7300282,807.2205235602095,30298
coursera,6061,22.9366705,792.7061540999835,40378
coursera,6020,37.4273585,771.8277408637874,31738
coursera,6097,33.6097935,788.9878628833852,20218
coursera,5931,46.5451103,780.2269431799023,36058
coursera,5858,46.9026254,802.9356435643564,32530
github,5188,30.4507014,912.068234387047,36058
github,5404,50.0143347,880.9840858623242,46138
github,6031,21.1911446,888.2502072624771,38938
github,4988,35.5257428,863.9484763432238,28858
github,5098,41.4871484,920.380737544135,46138
github,4521,38.8239246,891.1871267418712,43258
github,5211,37.5170654,902.8478219151795,36058
github,5482,40.8062819,886.0820868296242,46138
github,5224,39.1007041,950.5185681470138,46138
github,6506,51.8968624,886.4812480786966,44698
amazon,11461,57.7962832,797.4352150772183,5814
amazon,11173,30.9677095,806.3632864942272,5814
amazon,11065,56.7198372,797.4430185268866,7254
amazon,11160,49.8718408,776.8027777777778,8694
amazon,7672,51.7046832,1003.4362617309697,46138
amazon,10696,50.3823905,805.9924270755423,5814
amazon,11479,66.654354,795.1992333826988,5814
amazon,11199,55.1954318,741.5012947584606,43258
amazon,10950,62.1927077,820.3635616438356,46138
amazon,11003,59.1330872,804.9769153867127,7254
